{"cameraMode":{"drawMode":0,"name":"Shaded","section":"Shading Mode"},"sceneLighting":true,"audioPlay":false,"sceneViewState":{"showFog":true,"showMaterialUpdate":true,"showSkybox":true,"showFlares":true,"showImageEffects":true,"showParticleSystems":true},"in2DMode":false,"pivot":{"x":425.37408447265627,"y":468.0421447753906,"z":-9.294921875},"rotation":{"x":-0.012308100238442421,"y":-0.026991426944732667,"z":0.0003320906253065914,"w":-0.9995598793029785},"size":695.679931640625,"orthographic":false}