{"cameraMode":{"drawMode":0,"name":"Shaded","section":"Shading Mode"},"sceneLighting":false,"audioPlay":false,"sceneViewState":{"showFog":true,"showMaterialUpdate":true,"showSkybox":true,"showFlares":true,"showImageEffects":true,"showParticleSystems":true},"in2DMode":false,"pivot":{"x":-1.5914950370788575,"y":-9.449075698852539,"z":8.012487411499024},"rotation":{"x":-0.4936312437057495,"y":0.01174302026629448,"z":-0.006666415836662054,"w":-0.8695665597915649},"size":32.76882553100586,"orthographic":false}