{"cameraMode":{"drawMode":0,"name":"Shaded","section":"Shading Mode"},"sceneLighting":false,"audioPlay":false,"sceneViewState":{"showFog":true,"showMaterialUpdate":true,"showSkybox":true,"showFlares":true,"showImageEffects":true,"showParticleSystems":true},"in2DMode":false,"pivot":{"x":0.21078014373779298,"y":0.5593619346618652,"z":12.601635932922364},"rotation":{"x":-0.36016055941581728,"y":-0.13090218603610993,"z":0.05112043023109436,"w":-0.9222449660301209},"size":4.041658401489258,"orthographic":false}